{"cameraMode":{"drawMode":0,"name":"Shaded","section":"Shading Mode"},"sceneLighting":true,"audioPlay":false,"sceneViewState":{"m_AlwaysRefresh":false,"showFog":true,"showSkybox":true,"showFlares":true,"showImageEffects":true,"showParticleSystems":true,"showVisualEffectGraphs":true,"m_FxEnabled":true},"in2DMode":false,"pivot":{"x":0.42919591069221499,"y":-0.6091166138648987,"z":-1.8598865270614625},"rotation":{"x":-0.047257501631975177,"y":-0.9201929569244385,"z":0.3705398440361023,"w":-0.11739981174468994},"size":1.8922889232635499,"orthographic":false}